# Data from Dorner, B., R.M. Peterman, and S.L. Haeseker. 2008. Historical trends in productivity of 120 Pacific pink, chum, and sockeye salmon stocks reconstructed by using a Kalman filter. Canadian Journal of Fisheries and Aquatic Sciences 65(9): 1842-1866. 
# Contact Randall Peterman for use
# Sockeye salmon
# West Coast of North America
#
Brood_Year	Stock	Region	Area	Spawners	Returns
1967	Washington	Puget Sound	South	635.8	545.8
1968	Washington	Puget Sound	South	270.4	312.57
1969	Washington	Puget Sound	South	322.1	454.49
1970	Washington	Puget Sound	South	169.5	173.6
1971	Washington	Puget Sound	South	144.1	144.56
1972	Washington	Puget Sound	South	303.5	157.15
1973	Washington	Puget Sound	South	386.5	590.1
1974	Washington	Puget Sound	South	166.1	325.97
1975	Washington	Puget Sound	South	96.6	223.5
1976	Washington	Puget Sound	South	335.7	544.11
1977	Washington	Puget Sound	South	248.4	75.04
1978	Washington	Puget Sound	South	576.4	414.34
1979	Washington	Puget Sound	South	308.6	276.78
1980	Washington	Puget Sound	South	320.4	458.82
1981	Washington	Puget Sound	South	96.6	244.07
1982	Washington	Puget Sound	South	171.2	291.49
1983	Washington	Puget Sound	South	111.9	204.1
1984	Washington	Puget Sound	South	423	676.7
1985	Washington	Puget Sound	South	80.5	92.67
1986	Washington	Puget Sound	South	61.9	83.58
1987	Washington	Puget Sound	South	50.9	98.36
1988	Washington	Puget Sound	South	209.4	150.96
1989	Washington	Puget Sound	South	25.4	96.77
1990	Washington	Puget Sound	South	37.3	161.16
1991	Washington	Puget Sound	South	21.2	21.61
1992	Washington	Puget Sound	South	174.6	491.99
1993	Washington	Puget Sound	South	184.8	98.56
1950	Adams	Fraser	South	1259.38	9814.6
1951	Adams	Fraser	South	143.5	529.38
1952	Adams	Fraser	South	7.32	17.93
1953	Adams	Fraser	South	3.47	31
1954	Adams	Fraser	South	2009.23	15789.57
1955	Adams	Fraser	South	63.84	863.55
1956	Adams	Fraser	South	3.32	8.23
1957	Adams	Fraser	South	2.81	25.83
1958	Adams	Fraser	South	3287.68	2132.62
1959	Adams	Fraser	South	134.55	378.35
1960	Adams	Fraser	South	1.91	2.61
1961	Adams	Fraser	South	1.12	6.42
1962	Adams	Fraser	South	1113.09	2867.52
1963	Adams	Fraser	South	156.45	3112
1964	Adams	Fraser	South	0.6	19.48
1965	Adams	Fraser	South	1.8	50.85
1966	Adams	Fraser	South	1255.89	3947.76
1967	Adams	Fraser	South	838.95	3120.31
1968	Adams	Fraser	South	3.69	20.77
1969	Adams	Fraser	South	4.99	12.65
1970	Adams	Fraser	South	1495.5	5146.83
1971	Adams	Fraser	South	283.79	655.45
1972	Adams	Fraser	South	4.15	42.52
1973	Adams	Fraser	South	1.01	74.45
1974	Adams	Fraser	South	1061.77	6394.53
1975	Adams	Fraser	South	161.52	994.99
1976	Adams	Fraser	South	4.75	13.49
1977	Adams	Fraser	South	6.15	56.78
1978	Adams	Fraser	South	1699.33	7925.98
1979	Adams	Fraser	South	288.78	1469.68
1980	Adams	Fraser	South	2.48	22.89
1981	Adams	Fraser	South	6.22	3.43
1982	Adams	Fraser	South	2506.04	6768.79
1983	Adams	Fraser	South	204.03	1955.72
1984	Adams	Fraser	South	4.26	31.91
1985	Adams	Fraser	South	0.47	1.37
1986	Adams	Fraser	South	1663.13	7810.81
1987	Adams	Fraser	South	606.2	3866.55
1988	Adams	Fraser	South	4.81	6.89
1989	Adams	Fraser	South	0.08	4.39
1990	Adams	Fraser	South	2636.02	5523.09
1991	Adams	Fraser	South	1239.53	826.23
1992	Adams	Fraser	South	12.58	19.93
1993	Adams	Fraser	South	0.62	13.59
1994	Adams	Fraser	South	984.67	2032.06
1995	Adams	Fraser	South	399.35	757.35
1996	Adams	Fraser	South	11.77	41.43
1997	Adams	Fraser	South	0.98	NA
1998	Adams	Fraser	South	1080.65	NA
1950	Birken	Fraser	South	64.44	242.74
1951	Birken	Fraser	South	21.3	216.72
1952	Birken	Fraser	South	47.04	244.68
1953	Birken	Fraser	South	42.49	156.14
1954	Birken	Fraser	South	18.21	175.7
1955	Birken	Fraser	South	14.55	280.38
1956	Birken	Fraser	South	49.75	279.11
1957	Birken	Fraser	South	14.54	76.36
1958	Birken	Fraser	South	15.17	129.26
1959	Birken	Fraser	South	26.16	268.02
1960	Birken	Fraser	South	36.84	172.1
1961	Birken	Fraser	South	31.68	129.82
1962	Birken	Fraser	South	26.37	102.49
1963	Birken	Fraser	South	48.89	456.08
1964	Birken	Fraser	South	48.91	365.9
1965	Birken	Fraser	South	16.23	165.17
1966	Birken	Fraser	South	20.12	316.86
1967	Birken	Fraser	South	39.88	492.41
1968	Birken	Fraser	South	57.95	285.21
1969	Birken	Fraser	South	37.38	791.87
1970	Birken	Fraser	South	30.66	738.9
1971	Birken	Fraser	South	24.63	368.55
1972	Birken	Fraser	South	54.52	515.31
1973	Birken	Fraser	South	56.65	328.39
1974	Birken	Fraser	South	119.64	923.26
1975	Birken	Fraser	South	61.54	123.58
1976	Birken	Fraser	South	77.31	631.45
1977	Birken	Fraser	South	23.85	431.31
1978	Birken	Fraser	South	94.78	664.87
1979	Birken	Fraser	South	60.99	415.25
1980	Birken	Fraser	South	78.61	162.47
1981	Birken	Fraser	South	49.02	265.89
1982	Birken	Fraser	South	119.74	1816.43
1983	Birken	Fraser	South	44.03	808.11
1984	Birken	Fraser	South	40.25	470.36
1985	Birken	Fraser	South	11.91	245.84
1986	Birken	Fraser	South	335.63	1211.97
1987	Birken	Fraser	South	164.85	999.9
1988	Birken	Fraser	South	166.59	927.72
1989	Birken	Fraser	South	29.33	1147.93
1990	Birken	Fraser	South	166.77	238.19
1991	Birken	Fraser	South	293.63	128.89
1992	Birken	Fraser	South	185.91	116.23
1993	Birken	Fraser	South	244.95	580
1994	Birken	Fraser	South	39.23	68.17
1995	Birken	Fraser	South	38.59	154.01
1996	Birken	Fraser	South	56.04	76.01
1997	Birken	Fraser	South	50.2	NA
1998	Birken	Fraser	South	295.67	NA
1950	Bowron	Fraser	South	16.15	75.55
1951	Bowron	Fraser	South	21.73	103.82
1952	Bowron	Fraser	South	18.65	43.3
1953	Bowron	Fraser	South	13.28	75.58
1954	Bowron	Fraser	South	10.52	66.92
1955	Bowron	Fraser	South	9.35	96.96
1956	Bowron	Fraser	South	6.99	38.48
1957	Bowron	Fraser	South	12.01	41.97
1958	Bowron	Fraser	South	14.84	18.16
1959	Bowron	Fraser	South	29.25	61.87
1960	Bowron	Fraser	South	7.62	17.73
1961	Bowron	Fraser	South	7.45	28.15
1962	Bowron	Fraser	South	6.29	21.33
1963	Bowron	Fraser	South	25.14	214.32
1964	Bowron	Fraser	South	1.5	27.51
1965	Bowron	Fraser	South	2.66	17.85
1966	Bowron	Fraser	South	2.47	22.25
1967	Bowron	Fraser	South	31.7	206.49
1968	Bowron	Fraser	South	3.61	44.64
1969	Bowron	Fraser	South	3.87	17.21
1970	Bowron	Fraser	South	1.31	16.2
1971	Bowron	Fraser	South	25.5	124.51
1972	Bowron	Fraser	South	4.14	20.36
1973	Bowron	Fraser	South	4.56	8.56
1974	Bowron	Fraser	South	1.85	12.4
1975	Bowron	Fraser	South	29.7	170.36
1976	Bowron	Fraser	South	2.25	7.11
1977	Bowron	Fraser	South	2.5	15.4
1978	Bowron	Fraser	South	3.14	40.63
1979	Bowron	Fraser	South	35	29.98
1980	Bowron	Fraser	South	2.89	45.17
1981	Bowron	Fraser	South	1.17	16.53
1982	Bowron	Fraser	South	1.65	5.28
1983	Bowron	Fraser	South	6.45	38.56
1984	Bowron	Fraser	South	10.46	50.6
1985	Bowron	Fraser	South	6.4	19.18
1986	Bowron	Fraser	South	3.12	21.2
1987	Bowron	Fraser	South	11.07	22.59
1988	Bowron	Fraser	South	12.78	13.05
1989	Bowron	Fraser	South	2.53	11.7
1990	Bowron	Fraser	South	7.86	28.89
1991	Bowron	Fraser	South	4.92	51.01
1992	Bowron	Fraser	South	2.56	11.63
1993	Bowron	Fraser	South	1.18	19.54
1994	Bowron	Fraser	South	4.38	10.04
1995	Bowron	Fraser	South	34.42	31.41
1996	Bowron	Fraser	South	8.18	23.79
1997	Bowron	Fraser	South	4.81	NA
1998	Bowron	Fraser	South	4.75	NA
1950	Chilko	Fraser	South	17.31	205.88
1951	Chilko	Fraser	South	98.32	752.33
1952	Chilko	Fraser	South	485.59	1858.48
1953	Chilko	Fraser	South	200.69	619.46
1954	Chilko	Fraser	South	34.3	712.75
1955	Chilko	Fraser	South	121.17	1513.28
1956	Chilko	Fraser	South	646.91	2435.67
1957	Chilko	Fraser	South	138.46	138.23
1958	Chilko	Fraser	South	120.1	433.37
1959	Chilko	Fraser	South	463.06	2212.58
1960	Chilko	Fraser	South	426.55	1053.34
1961	Chilko	Fraser	South	39.1	69.45
1962	Chilko	Fraser	South	77.71	985.56
1963	Chilko	Fraser	South	998.23	1206.3
1964	Chilko	Fraser	South	238.27	2040.08
1965	Chilko	Fraser	South	35.34	158.94
1966	Chilko	Fraser	South	209.62	889.2
1967	Chilko	Fraser	South	174.72	2004.71
1968	Chilko	Fraser	South	413.86	2476.07
1969	Chilko	Fraser	South	70.9	402.36
1970	Chilko	Fraser	South	135.39	694.46
1971	Chilko	Fraser	South	157.19	852.84
1972	Chilko	Fraser	South	562.65	2034
1973	Chilko	Fraser	South	55.68	220.4
1974	Chilko	Fraser	South	110.03	620.59
1975	Chilko	Fraser	South	244.63	1640.64
1976	Chilko	Fraser	South	384.39	1699.78
1977	Chilko	Fraser	South	51.33	199.2
1978	Chilko	Fraser	South	146.84	1265.58
1979	Chilko	Fraser	South	249.39	1721.51
1980	Chilko	Fraser	South	497.76	4441.93
1981	Chilko	Fraser	South	34.54	208.71
1982	Chilko	Fraser	South	249.58	1599.22
1983	Chilko	Fraser	South	382.83	2119.74
1984	Chilko	Fraser	South	580.18	676.36
1985	Chilko	Fraser	South	71.98	572.97
1986	Chilko	Fraser	South	293.8	4800.44
1987	Chilko	Fraser	South	421.02	4420.84
1988	Chilko	Fraser	South	363.39	3296.36
1989	Chilko	Fraser	South	63.27	3117.37
1990	Chilko	Fraser	South	825.84	2633.84
1991	Chilko	Fraser	South	1037.74	1411.98
1992	Chilko	Fraser	South	511.27	1876.04
1993	Chilko	Fraser	South	555.23	3904.02
1994	Chilko	Fraser	South	450.75	1230.1
1995	Chilko	Fraser	South	534.56	1276.19
1996	Chilko	Fraser	South	974.35	1368.76
1997	Chilko	Fraser	South	985.83	NA
1998	Chilko	Fraser	South	879.01	NA
1950	Cultus	Fraser	South	29.93	278.99
1951	Cultus	Fraser	South	12.68	207.03
1952	Cultus	Fraser	South	27.83	67.15
1953	Cultus	Fraser	South	11.54	114.27
1954	Cultus	Fraser	South	22.04	127.13
1955	Cultus	Fraser	South	25.92	397.97
1956	Cultus	Fraser	South	13.72	37.29
1957	Cultus	Fraser	South	20.38	28.92
1958	Cultus	Fraser	South	13.32	71.55
1959	Cultus	Fraser	South	47.78	82.11
1960	Cultus	Fraser	South	17.64	41.01
1961	Cultus	Fraser	South	13.4	13.08
1962	Cultus	Fraser	South	27	60.11
1963	Cultus	Fraser	South	20.3	322.27
1964	Cultus	Fraser	South	11.07	75.81
1965	Cultus	Fraser	South	2.46	32.6
1966	Cultus	Fraser	South	16.92	133.77
1967	Cultus	Fraser	South	33.2	150.06
1968	Cultus	Fraser	South	25.31	54.8
1969	Cultus	Fraser	South	5.94	7.96
1970	Cultus	Fraser	South	13.94	44.81
1971	Cultus	Fraser	South	9.13	49.47
1972	Cultus	Fraser	South	10.37	31.46
1973	Cultus	Fraser	South	0.64	0.75
1974	Cultus	Fraser	South	8.98	29.92
1975	Cultus	Fraser	South	11.35	115.79
1976	Cultus	Fraser	South	4.44	6.13
1977	Cultus	Fraser	South	0.08	1.57
1978	Cultus	Fraser	South	5.08	75.25
1979	Cultus	Fraser	South	32.03	110.52
1980	Cultus	Fraser	South	1.66	4.83
1981	Cultus	Fraser	South	0.26	1.54
1982	Cultus	Fraser	South	16.73	18.81
1983	Cultus	Fraser	South	19.94	96.36
1984	Cultus	Fraser	South	0.99	9.41
1985	Cultus	Fraser	South	0.42	2.43
1986	Cultus	Fraser	South	3.26	10.49
1987	Cultus	Fraser	South	32.18	65.86
1988	Cultus	Fraser	South	0.86	7.83
1989	Cultus	Fraser	South	0.42	10.75
1990	Cultus	Fraser	South	1.86	25.09
1991	Cultus	Fraser	South	20.16	17.5
1992	Cultus	Fraser	South	1.2	2.22
1993	Cultus	Fraser	South	1.06	1.61
1994	Cultus	Fraser	South	4.4	10.6
1995	Cultus	Fraser	South	10.32	58.65
1996	Cultus	Fraser	South	2.02	52.01
1997	Cultus	Fraser	South	0.09	NA
1998	Cultus	Fraser	South	1.96	NA
1950	Early Stuart	Fraser	South	59.1	241.67
1951	Early Stuart	Fraser	South	60.42	173.65
1952	Early Stuart	Fraser	South	29.93	88.6
1953	Early Stuart	Fraser	South	154.04	540.89
1954	Early Stuart	Fraser	South	35.05	155.82
1955	Early Stuart	Fraser	South	2.16	27.47
1956	Early Stuart	Fraser	South	25.02	110.39
1957	Early Stuart	Fraser	South	234.85	1222.94
1958	Early Stuart	Fraser	South	38.81	103.11
1959	Early Stuart	Fraser	South	2.67	20.84
1960	Early Stuart	Fraser	South	14.45	74.15
1961	Early Stuart	Fraser	South	198.92	255.84
1962	Early Stuart	Fraser	South	26.72	75.79
1963	Early Stuart	Fraser	South	4.61	92.55
1964	Early Stuart	Fraser	South	2.39	42.89
1965	Early Stuart	Fraser	South	23.05	417.21
1966	Early Stuart	Fraser	South	10.83	84.79
1967	Early Stuart	Fraser	South	21.04	339.69
1968	Early Stuart	Fraser	South	1.52	10.42
1969	Early Stuart	Fraser	South	109.66	1375.59
1970	Early Stuart	Fraser	South	32.58	182.14
1971	Early Stuart	Fraser	South	95.94	431.21
1972	Early Stuart	Fraser	South	4.66	32.23
1973	Early Stuart	Fraser	South	299.89	1341.98
1974	Early Stuart	Fraser	South	39.52	140.52
1975	Early Stuart	Fraser	South	65.75	224.05
1976	Early Stuart	Fraser	South	11.76	31.85
1977	Early Stuart	Fraser	South	117.45	761.69
1978	Early Stuart	Fraser	South	50	72.85
1979	Early Stuart	Fraser	South	92.75	107.94
1980	Early Stuart	Fraser	South	16.94	63.5
1981	Early Stuart	Fraser	South	129.46	350.14
1982	Early Stuart	Fraser	South	4.56	27.82
1983	Early Stuart	Fraser	South	23.87	188.9
1984	Early Stuart	Fraser	South	45.2	242.04
1985	Early Stuart	Fraser	South	234.22	1208.88
1986	Early Stuart	Fraser	South	28.58	145.94
1987	Early Stuart	Fraser	South	148.19	525.92
1988	Early Stuart	Fraser	South	179.81	379.93
1989	Early Stuart	Fraser	South	384.8	1138.82
1990	Early Stuart	Fraser	South	97.04	166.1
1991	Early Stuart	Fraser	South	141.12	144.29
1992	Early Stuart	Fraser	South	65.62	98.47
1993	Early Stuart	Fraser	South	687.97	1814.49
1994	Early Stuart	Fraser	South	29.83	29.03
1995	Early Stuart	Fraser	South	122.71	189.61
1996	Early Stuart	Fraser	South	87.57	464.65
1997	Early Stuart	Fraser	South	265.7	NA
1998	Early Stuart	Fraser	South	32.57	NA
1952	Gates	Fraser	South	7.07	38
1953	Gates	Fraser	South	0.07	7.89
1954	Gates	Fraser	South	0.05	0.7
1955	Gates	Fraser	South	0.08	2.51
1956	Gates	Fraser	South	7.81	15.99
1957	Gates	Fraser	South	0.89	1.16
1958	Gates	Fraser	South	0.06	0.54
1959	Gates	Fraser	South	0.58	10.53
1960	Gates	Fraser	South	5.41	84.23
1961	Gates	Fraser	South	0.25	14.59
1962	Gates	Fraser	South	0.16	0.45
1963	Gates	Fraser	South	4.11	8.33
1964	Gates	Fraser	South	19.4	104.99
1965	Gates	Fraser	South	1.64	2.5
1966	Gates	Fraser	South	0.07	0.92
1967	Gates	Fraser	South	1.14	6.92
1968	Gates	Fraser	South	10.11	82.67
1969	Gates	Fraser	South	0.78	4.77
1970	Gates	Fraser	South	0.08	0.41
1971	Gates	Fraser	South	0.43	12.65
1972	Gates	Fraser	South	8.32	132.62
1973	Gates	Fraser	South	0.8	12.53
1974	Gates	Fraser	South	0.07	1.99
1975	Gates	Fraser	South	1.98	22.41
1976	Gates	Fraser	South	17.13	73.41
1977	Gates	Fraser	South	2.58	21.32
1978	Gates	Fraser	South	0.26	1.65
1979	Gates	Fraser	South	3.83	18.27
1980	Gates	Fraser	South	25.09	79.63
1981	Gates	Fraser	South	4.67	18.13
1982	Gates	Fraser	South	0.93	9.7
1983	Gates	Fraser	South	7.38	28.1
1984	Gates	Fraser	South	28.9	137.92
1985	Gates	Fraser	South	4.58	131.96
1986	Gates	Fraser	South	3.57	27.35
1987	Gates	Fraser	South	9.42	27.83
1988	Gates	Fraser	South	44.91	319.54
1989	Gates	Fraser	South	16.96	52.59
1990	Gates	Fraser	South	5.37	15.72
1991	Gates	Fraser	South	9.04	22.74
1992	Gates	Fraser	South	41.75	183.29
1993	Gates	Fraser	South	17.95	83.14
1994	Gates	Fraser	South	3.36	31.56
1995	Gates	Fraser	South	7.18	23.4
1996	Gates	Fraser	South	100.03	207.99
1997	Gates	Fraser	South	6.5	NA
1998	Gates	Fraser	South	7.25	NA
1950	Horsefly	Fraser	South	0.4	2.05
1951	Horsefly	Fraser	South	0.05	0.41
1952	Horsefly	Fraser	South	0.18	0.56
1953	Horsefly	Fraser	South	108.57	610.25
1954	Horsefly	Fraser	South	0.28	10.69
1955	Horsefly	Fraser	South	0.06	0.18
1956	Horsefly	Fraser	South	0.08	2.55
1957	Horsefly	Fraser	South	220.99	998.11
1958	Horsefly	Fraser	South	1.8	3.41
1959	Horsefly	Fraser	South	0.07	0.17
1960	Horsefly	Fraser	South	0.29	1.48
1961	Horsefly	Fraser	South	295.96	1240.89
1962	Horsefly	Fraser	South	1.07	7.29
1963	Horsefly	Fraser	South	0.08	0.96
1964	Horsefly	Fraser	South	0.25	2.81
1965	Horsefly	Fraser	South	359.37	1667.17
1966	Horsefly	Fraser	South	1.61	7.46
1967	Horsefly	Fraser	South	0.12	1.76
1968	Horsefly	Fraser	South	0.7	0.5
1969	Horsefly	Fraser	South	270.02	1640.76
1970	Horsefly	Fraser	South	1.35	20.34
1971	Horsefly	Fraser	South	0.17	0.75
1972	Horsefly	Fraser	South	0.11	1.39
1973	Horsefly	Fraser	South	253.39	2161.43
1974	Horsefly	Fraser	South	4.46	21.22
1975	Horsefly	Fraser	South	0.19	1.71
1976	Horsefly	Fraser	South	0.3	1.23
1977	Horsefly	Fraser	South	473.8	3878.52
1978	Horsefly	Fraser	South	7.38	196.72
1979	Horsefly	Fraser	South	0.51	6.01
1980	Horsefly	Fraser	South	0.31	2.45
1981	Horsefly	Fraser	South	682.52	9786.65
1982	Horsefly	Fraser	South	36.01	555.54
1983	Horsefly	Fraser	South	2.04	40.41
1984	Horsefly	Fraser	South	0.89	6.95
1985	Horsefly	Fraser	South	1113.17	12518.67
1986	Horsefly	Fraser	South	150.64	2532.78
1987	Horsefly	Fraser	South	16.8	176.59
1988	Horsefly	Fraser	South	5.88	28.46
1989	Horsefly	Fraser	South	1630.3	10639.37
1990	Horsefly	Fraser	South	444.5	3294.61
1991	Horsefly	Fraser	South	38.57	151.61
1992	Horsefly	Fraser	South	5.86	27.79
1993	Horsefly	Fraser	South	1895.42	6908.77
1994	Horsefly	Fraser	South	557.18	2694.85
1995	Horsefly	Fraser	South	178.91	167.19
1996	Horsefly	Fraser	South	34.24	91.07
1997	Horsefly	Fraser	South	1234.49	NA
1998	Horsefly	Fraser	South	868.92	NA
1950	Late Stuart	Fraser	South	5.84	39.68
1951	Late Stuart	Fraser	South	4.36	63.81
1952	Late Stuart	Fraser	South	0.04	3.97
1953	Late Stuart	Fraser	South	368.63	1552.24
1954	Late Stuart	Fraser	South	5.47	137.97
1955	Late Stuart	Fraser	South	7.58	51.35
1956	Late Stuart	Fraser	South	0.91	46.1
1957	Late Stuart	Fraser	South	531.11	1329.88
1958	Late Stuart	Fraser	South	23.62	54.68
1959	Late Stuart	Fraser	South	8.23	7.39
1960	Late Stuart	Fraser	South	2.4	9.62
1961	Late Stuart	Fraser	South	410.89	778.48
1962	Late Stuart	Fraser	South	18.64	45.07
1963	Late Stuart	Fraser	South	3.22	12.05
1964	Late Stuart	Fraser	South	1.82	3.1
1965	Late Stuart	Fraser	South	214.94	1124.52
1966	Late Stuart	Fraser	South	9.03	74.08
1967	Late Stuart	Fraser	South	1.63	16.56
1968	Late Stuart	Fraser	South	0.39	31.3
1969	Late Stuart	Fraser	South	207.01	1625.59
1970	Late Stuart	Fraser	South	14.98	70.84
1971	Late Stuart	Fraser	South	1.54	66.77
1972	Late Stuart	Fraser	South	7.34	17.27
1973	Late Stuart	Fraser	South	214.23	606.16
1974	Late Stuart	Fraser	South	14.19	43.41
1975	Late Stuart	Fraser	South	14.23	196.85
1976	Late Stuart	Fraser	South	2.9	3.34
1977	Late Stuart	Fraser	South	146.46	1357.74
1978	Late Stuart	Fraser	South	12.74	79.45
1979	Late Stuart	Fraser	South	31.92	6.85
1980	Late Stuart	Fraser	South	0.95	21.44
1981	Late Stuart	Fraser	South	249.49	2033.9
1982	Late Stuart	Fraser	South	16.76	60.99
1983	Late Stuart	Fraser	South	2.25	17.94
1984	Late Stuart	Fraser	South	1.23	14.74
1985	Late Stuart	Fraser	South	274.62	3507.63
1986	Late Stuart	Fraser	South	28.72	816.56
1987	Late Stuart	Fraser	South	6.47	380.07
1988	Late Stuart	Fraser	South	7.12	208.79
1989	Late Stuart	Fraser	South	575.7	5327.12
1990	Late Stuart	Fraser	South	189.08	389.19
1991	Late Stuart	Fraser	South	76.86	106.49
1992	Late Stuart	Fraser	South	19.51	128.96
1993	Late Stuart	Fraser	South	1363.83	3776.56
1994	Late Stuart	Fraser	South	76.46	114.29
1995	Late Stuart	Fraser	South	34.36	131.22
1996	Late Stuart	Fraser	South	62.99	1014.98
1997	Late Stuart	Fraser	South	907.65	NA
1998	Late Stuart	Fraser	South	138.4	NA
1950	Nadina	Fraser	South	0.77	5.1
1951	Nadina	Fraser	South	0.18	0.98
1952	Nadina	Fraser	South	0.01	0.09
1953	Nadina	Fraser	South	13.62	162.56
1954	Nadina	Fraser	South	0.77	4.73
1955	Nadina	Fraser	South	0.11	3.95
1956	Nadina	Fraser	South	0.02	4.11
1957	Nadina	Fraser	South	27.55	116.81
1958	Nadina	Fraser	South	0.64	5.08
1959	Nadina	Fraser	South	1.01	17
1960	Nadina	Fraser	South	0.03	1.18
1961	Nadina	Fraser	South	17.54	94.42
1962	Nadina	Fraser	South	1.68	12.05
1963	Nadina	Fraser	South	7.3	59.65
1964	Nadina	Fraser	South	0.21	7.74
1965	Nadina	Fraser	South	11.29	95.02
1966	Nadina	Fraser	South	1.72	34.01
1967	Nadina	Fraser	South	7.79	153.07
1968	Nadina	Fraser	South	1.25	43.96
1969	Nadina	Fraser	South	27.9	106.26
1970	Nadina	Fraser	South	3.93	29.88
1971	Nadina	Fraser	South	14.48	75.45
1972	Nadina	Fraser	South	2.55	10.73
1973	Nadina	Fraser	South	16.72	79.73
1974	Nadina	Fraser	South	3.73	12.48
1975	Nadina	Fraser	South	15.31	307.35
1976	Nadina	Fraser	South	1.63	7.26
1977	Nadina	Fraser	South	16.86	131.85
1978	Nadina	Fraser	South	2.58	31.25
1979	Nadina	Fraser	South	55.68	101.37
1980	Nadina	Fraser	South	3.02	21.37
1981	Nadina	Fraser	South	18.91	76.8
1982	Nadina	Fraser	South	2.35	6.78
1983	Nadina	Fraser	South	26.86	149.73
1984	Nadina	Fraser	South	7.07	24.92
1985	Nadina	Fraser	South	13.81	46.85
1986	Nadina	Fraser	South	3.55	20.84
1987	Nadina	Fraser	South	37.62	191.04
1988	Nadina	Fraser	South	8.74	57.74
1989	Nadina	Fraser	South	4.94	19.82
1990	Nadina	Fraser	South	6.03	15.08
1991	Nadina	Fraser	South	61.07	57.72
1992	Nadina	Fraser	South	7.73	111.21
1993	Nadina	Fraser	South	9.6	63.34
1994	Nadina	Fraser	South	2.01	17.38
1995	Nadina	Fraser	South	24	63.35
1996	Nadina	Fraser	South	38.65	530.84
1997	Nadina	Fraser	South	9.5	NA
1998	Nadina	Fraser	South	3.71	NA
1950	Pitt	Fraser	South	40.06	146.34
1951	Pitt	Fraser	South	37.84	120.3
1952	Pitt	Fraser	South	48.9	72.18
1953	Pitt	Fraser	South	18.67	25.81
1954	Pitt	Fraser	South	17.62	51.09
1955	Pitt	Fraser	South	17.95	166.94
1956	Pitt	Fraser	South	32.09	70.32
1957	Pitt	Fraser	South	12.34	29.21
1958	Pitt	Fraser	South	10.38	16.54
1959	Pitt	Fraser	South	15.73	62.49
1960	Pitt	Fraser	South	24.51	33.31
1961	Pitt	Fraser	South	11.16	103.04
1962	Pitt	Fraser	South	16.58	57.28
1963	Pitt	Fraser	South	12.68	142.94
1964	Pitt	Fraser	South	13.76	192.09
1965	Pitt	Fraser	South	6.97	38.98
1966	Pitt	Fraser	South	20.84	77.7
1967	Pitt	Fraser	South	10.28	67.78
1968	Pitt	Fraser	South	16.99	105.59
1969	Pitt	Fraser	South	25.07	61.08
1970	Pitt	Fraser	South	6.64	55.4
1971	Pitt	Fraser	South	15.45	217.47
1972	Pitt	Fraser	South	13.41	138.16
1973	Pitt	Fraser	South	11.9	43.16
1974	Pitt	Fraser	South	20.58	118.14
1975	Pitt	Fraser	South	39.92	65.7
1976	Pitt	Fraser	South	36.53	105.58
1977	Pitt	Fraser	South	13.85	34.59
1978	Pitt	Fraser	South	24.79	34.98
1979	Pitt	Fraser	South	37.54	38.82
1980	Pitt	Fraser	South	17.1	16.91
1981	Pitt	Fraser	South	25.33	40.38
1982	Pitt	Fraser	South	8.71	18.27
1983	Pitt	Fraser	South	16.85	62.05
1984	Pitt	Fraser	South	15.8	75.99
1985	Pitt	Fraser	South	3.56	23.21
1986	Pitt	Fraser	South	29.18	40
1987	Pitt	Fraser	South	13.64	22.49
1988	Pitt	Fraser	South	37.75	62.5
1989	Pitt	Fraser	South	16.04	18.19
1990	Pitt	Fraser	South	12.2	9.64
1991	Pitt	Fraser	South	22.5	31.82
1992	Pitt	Fraser	South	9.13	94.35
1993	Pitt	Fraser	South	22.84	105.19
1994	Pitt	Fraser	South	9.5	36.27
1995	Pitt	Fraser	South	5.5	53.15
1996	Pitt	Fraser	South	50.08	161.88
1997	Pitt	Fraser	South	35.8	NA
1998	Pitt	Fraser	South	76.89	NA
1951	Portage	Fraser	South	0.03	0.24
1953	Portage	Fraser	South	0.05	0.39
1954	Portage	Fraser	South	3.37	38.7
1955	Portage	Fraser	South	0.04	4.39
1957	Portage	Fraser	South	0.04	0.05
1958	Portage	Fraser	South	4.79	25.65
1959	Portage	Fraser	South	0.57	5.57
1961	Portage	Fraser	South	0.02	2.72
1962	Portage	Fraser	South	11.94	72.18
1963	Portage	Fraser	South	2.01	58.44
1964	Portage	Fraser	South	0.01	0.62
1965	Portage	Fraser	South	0.98	3.46
1966	Portage	Fraser	South	31.34	31.34
1967	Portage	Fraser	South	4.03	4.29
1968	Portage	Fraser	South	0.09	1.05
1969	Portage	Fraser	South	0.96	34.61
1970	Portage	Fraser	South	3.87	58.07
1971	Portage	Fraser	South	0.28	18.04
1972	Portage	Fraser	South	0.19	15.28
1973	Portage	Fraser	South	3.96	68.69
1974	Portage	Fraser	South	8.48	41.58
1975	Portage	Fraser	South	3.18	13.55
1976	Portage	Fraser	South	1.04	8.04
1977	Portage	Fraser	South	7.61	39.99
1978	Portage	Fraser	South	9.98	111.75
1979	Portage	Fraser	South	3.58	52.69
1980	Portage	Fraser	South	1.8	12.23
1981	Portage	Fraser	South	5.86	20.07
1982	Portage	Fraser	South	23.87	210.98
1983	Portage	Fraser	South	7.75	37.36
1984	Portage	Fraser	South	1.71	50.57
1985	Portage	Fraser	South	1.77	25.84
1986	Portage	Fraser	South	14.29	71.59
1987	Portage	Fraser	South	6.82	63.04
1988	Portage	Fraser	South	1.07	21.1
1989	Portage	Fraser	South	7.9	199.35
1990	Portage	Fraser	South	18.34	50.96
1991	Portage	Fraser	South	12.05	15.74
1992	Portage	Fraser	South	2.71	17.43
1993	Portage	Fraser	South	19.76	175.84
1994	Portage	Fraser	South	9.27	122.6
1995	Portage	Fraser	South	7.88	40.08
1996	Portage	Fraser	South	3.42	88.53
1997	Portage	Fraser	South	9.77	NA
1998	Portage	Fraser	South	25.18	NA
1950	Raft	Fraser	South	6.4	45.56
1951	Raft	Fraser	South	8.54	47.65
1952	Raft	Fraser	South	15.62	51.18
1953	Raft	Fraser	South	7.9	32.12
1954	Raft	Fraser	South	9.99	50.49
1955	Raft	Fraser	South	5.08	60.52
1956	Raft	Fraser	South	9.04	27.14
1957	Raft	Fraser	South	6.86	21.02
1958	Raft	Fraser	South	10.21	23.14
1959	Raft	Fraser	South	10.21	23.61
1960	Raft	Fraser	South	5.51	16.95
1961	Raft	Fraser	South	7.29	24.33
1962	Raft	Fraser	South	7.61	40.55
1963	Raft	Fraser	South	8.68	9.82
1964	Raft	Fraser	South	5.18	48.72
1965	Raft	Fraser	South	6.62	20.63
1966	Raft	Fraser	South	6.24	23.54
1967	Raft	Fraser	South	1.28	9.66
1968	Raft	Fraser	South	8.09	106.4
1969	Raft	Fraser	South	5.54	14.37
1970	Raft	Fraser	South	4.46	8.86
1971	Raft	Fraser	South	0.8	12.36
1972	Raft	Fraser	South	11.05	58.84
1973	Raft	Fraser	South	2.71	3.86
1974	Raft	Fraser	South	2.38	7.26
1975	Raft	Fraser	South	2.61	8.05
1976	Raft	Fraser	South	8.67	19.91
1977	Raft	Fraser	South	0.62	6.94
1978	Raft	Fraser	South	2.49	18.75
1979	Raft	Fraser	South	1.76	3.04
1980	Raft	Fraser	South	5.42	51.72
1981	Raft	Fraser	South	0.82	8.64
1982	Raft	Fraser	South	2.99	3.77
1983	Raft	Fraser	South	2.78	5.6
1984	Raft	Fraser	South	19.09	47.06
1985	Raft	Fraser	South	3.64	4.53
1986	Raft	Fraser	South	2.1	3.01
1987	Raft	Fraser	South	1.44	3.82
1988	Raft	Fraser	South	19.85	50.48
1989	Raft	Fraser	South	1.65	10.73
1990	Raft	Fraser	South	0.63	2.33
1991	Raft	Fraser	South	0.46	1.41
1992	Raft	Fraser	South	8.24	57.14
1993	Raft	Fraser	South	5.05	31.73
1994	Raft	Fraser	South	1.71	29.37
1995	Raft	Fraser	South	1.04	27.7
1996	Raft	Fraser	South	46.59	113.5
1997	Raft	Fraser	South	6.09	NA
1998	Raft	Fraser	South	7.2	NA
1950	Seymour	Fraser	South	11.05	162.03
1951	Seymour	Fraser	South	24.32	68.94
1952	Seymour	Fraser	South	5.96	11.25
1953	Seymour	Fraser	South	5.69	45.27
1954	Seymour	Fraser	South	24.77	461.52
1955	Seymour	Fraser	South	8.97	310
1956	Seymour	Fraser	South	2.49	12.76
1957	Seymour	Fraser	South	10.87	24.58
1958	Seymour	Fraser	South	78.37	195.52
1959	Seymour	Fraser	South	52.31	175.98
1960	Seymour	Fraser	South	2.9	8.84
1961	Seymour	Fraser	South	3.62	32.92
1962	Seymour	Fraser	South	57.84	176.55
1963	Seymour	Fraser	South	71.65	114.09
1964	Seymour	Fraser	South	2.75	18.5
1965	Seymour	Fraser	South	6.09	34.89
1966	Seymour	Fraser	South	28.7	141.83
1967	Seymour	Fraser	South	13.36	220.85
1968	Seymour	Fraser	South	3.84	22.11
1969	Seymour	Fraser	South	7.18	14.88
1970	Seymour	Fraser	South	11.97	226.37
1971	Seymour	Fraser	South	19.03	135.31
1972	Seymour	Fraser	South	2.8	57.58
1973	Seymour	Fraser	South	2.7	24.38
1974	Seymour	Fraser	South	44.59	181.85
1975	Seymour	Fraser	South	36.83	221.94
1976	Seymour	Fraser	South	8.31	18.43
1977	Seymour	Fraser	South	5.71	70.05
1978	Seymour	Fraser	South	62.81	261.93
1979	Seymour	Fraser	South	49.31	135.61
1980	Seymour	Fraser	South	8.31	52.85
1981	Seymour	Fraser	South	11.36	30.88
1982	Seymour	Fraser	South	63.27	508.46
1983	Seymour	Fraser	South	29.83	272.46
1984	Seymour	Fraser	South	17.17	36.02
1985	Seymour	Fraser	South	5.62	43.58
1986	Seymour	Fraser	South	126.17	824.17
1987	Seymour	Fraser	South	84.32	442.22
1988	Seymour	Fraser	South	16.78	10.84
1989	Seymour	Fraser	South	5.51	18.87
1990	Seymour	Fraser	South	272.04	278.24
1991	Seymour	Fraser	South	128.25	86.98
1992	Seymour	Fraser	South	5.74	17.66
1993	Seymour	Fraser	South	10.11	8.49
1994	Seymour	Fraser	South	56.19	172.38
1995	Seymour	Fraser	South	43.66	77.32
1996	Seymour	Fraser	South	21.1	40.37
1997	Seymour	Fraser	South	2.23	NA
1998	Seymour	Fraser	South	33.38	NA
1950	Stellako	Fraser	South	145.021	939.12
1951	Stellako	Fraser	South	96.076	455.37
1952	Stellako	Fraser	South	40.384	110.7
1953	Stellako	Fraser	South	42.134	174.25
1954	Stellako	Fraser	South	141.859	1211.3
1955	Stellako	Fraser	South	51.739	629.8
1956	Stellako	Fraser	South	38.438	246.74
1957	Stellako	Fraser	South	38.522	151.84
1958	Stellako	Fraser	South	112.251	340.46
1959	Stellako	Fraser	South	79.305	541.42
1960	Stellako	Fraser	South	38.88	164.51
1961	Stellako	Fraser	South	46.863	147.4
1962	Stellako	Fraser	South	124.485	589.51
1963	Stellako	Fraser	South	138.794	727.93
1964	Stellako	Fraser	South	30.89	177.84
1965	Stellako	Fraser	South	39.385	243.65
1966	Stellako	Fraser	South	101.529	359.91
1967	Stellako	Fraser	South	91.48	550.52
1968	Stellako	Fraser	South	30.368	129.82
1969	Stellako	Fraser	South	49.211	253.25
1970	Stellako	Fraser	South	45.797	234.11
1971	Stellako	Fraser	South	39.691	509.27
1972	Stellako	Fraser	South	36.7	758.24
1973	Stellako	Fraser	South	30.404	77.46
1974	Stellako	Fraser	South	41.275	262.76
1975	Stellako	Fraser	South	175.941	1750.82
1976	Stellako	Fraser	South	150.734	244.38
1977	Stellako	Fraser	South	23.047	265.7
1978	Stellako	Fraser	South	58.898	437.41
1979	Stellako	Fraser	South	290.042	623.92
1980	Stellako	Fraser	South	72.05	755.41
1981	Stellako	Fraser	South	21.826	285.9
1982	Stellako	Fraser	South	69.42	357.77
1983	Stellako	Fraser	South	121.692	1257.48
1984	Stellako	Fraser	South	60.957	1011.19
1985	Stellako	Fraser	South	42.099	128.74
1986	Stellako	Fraser	South	77.177	561.85
1987	Stellako	Fraser	South	211.085	435.68
1988	Stellako	Fraser	South	367.702	991.5
1989	Stellako	Fraser	South	43.179	222.29
1990	Stellako	Fraser	South	93.92	962.06
1991	Stellako	Fraser	South	94.884	371.69
1992	Stellako	Fraser	South	97.979	810.87
1993	Stellako	Fraser	South	91.071	309.63
1994	Stellako	Fraser	South	137.995	692.1
1995	Stellako	Fraser	South	141.613	184.36
1996	Stellako	Fraser	South	333.163	809.4
1997	Stellako	Fraser	South	55.342	NA
1998	Stellako	Fraser	South	185.641	NA
1950	Weaver	Fraser	South	30.54	184.16
1951	Weaver	Fraser	South	12.86	117.51
1952	Weaver	Fraser	South	28.05	11.01
1953	Weaver	Fraser	South	8.79	218.21
1954	Weaver	Fraser	South	28.14	235.3
1955	Weaver	Fraser	South	21.64	72.85
1956	Weaver	Fraser	South	8.49	21.61
1957	Weaver	Fraser	South	20.24	8.84
1958	Weaver	Fraser	South	35.94	31.07
1959	Weaver	Fraser	South	8.36	39.26
1960	Weaver	Fraser	South	7.03	4.62
1961	Weaver	Fraser	South	4.25	57.81
1962	Weaver	Fraser	South	15.92	47.94
1963	Weaver	Fraser	South	14.47	166.48
1964	Weaver	Fraser	South	1.2	25.04
1965	Weaver	Fraser	South	17.92	205.66
1966	Weaver	Fraser	South	19.49	76.16
1967	Weaver	Fraser	South	22.58	88.41
1968	Weaver	Fraser	South	3.8	155.4
1969	Weaver	Fraser	South	58.73	412.91
1970	Weaver	Fraser	South	10.44	384.04
1971	Weaver	Fraser	South	4.99	155.26
1972	Weaver	Fraser	South	25.74	342.37
1973	Weaver	Fraser	South	48.54	355.61
1974	Weaver	Fraser	South	64.09	276.34
1975	Weaver	Fraser	South	29.74	145.95
1976	Weaver	Fraser	South	49.93	304.52
1977	Weaver	Fraser	South	52.63	235.76
1978	Weaver	Fraser	South	75.17	1366.19
1979	Weaver	Fraser	South	45.03	141.03
1980	Weaver	Fraser	South	73.83	364.71
1981	Weaver	Fraser	South	42	270.29
1982	Weaver	Fraser	South	294.08	1507.96
1983	Weaver	Fraser	South	39.34	242.79
1984	Weaver	Fraser	South	59.6	635.78
1985	Weaver	Fraser	South	37.02	69.3
1986	Weaver	Fraser	South	110.74	42.72
1987	Weaver	Fraser	South	59.97	220.72
1988	Weaver	Fraser	South	49.26	514.18
1989	Weaver	Fraser	South	17.17	765.53
1990	Weaver	Fraser	South	16.37	634.98
1991	Weaver	Fraser	South	38.12	63.07
1992	Weaver	Fraser	South	58.69	612.08
1993	Weaver	Fraser	South	84.46	457.15
1994	Weaver	Fraser	South	65.01	710.6
1995	Weaver	Fraser	South	34.03	248.83
1996	Weaver	Fraser	South	72.07	327.11
1997	Weaver	Fraser	South	25.5	NA
1998	Weaver	Fraser	South	57.09	NA
1980	Long Lake	BC Central Coast	South	129.44	193.27
1981	Long Lake	BC Central Coast	South	214.35	876.39
1982	Long Lake	BC Central Coast	South	213.67	471.09
1983	Long Lake	BC Central Coast	South	199.65	427.44
1984	Long Lake	BC Central Coast	South	89.01	290.78
1985	Long Lake	BC Central Coast	South	250	231.19
1986	Long Lake	BC Central Coast	South	199	587.99
1987	Long Lake	BC Central Coast	South	200	1173.69
1988	Long Lake	BC Central Coast	South	207	456.1
1989	Long Lake	BC Central Coast	South	166.81	256.4
1990	Long Lake	BC Central Coast	South	149	101.78
1991	Long Lake	BC Central Coast	South	260	41.1
1992	Long Lake	BC Central Coast	South	220	56.68
1993	Long Lake	BC Central Coast	South	220	78
1994	Long Lake	BC Central Coast	South	100	6.94
1995	Long Lake	BC Central Coast	South	56.24	NA
1996	Long Lake	BC Central Coast	South	54	NA
1950	Skeena	BC North Coast	North	364.356	NA
1951	Skeena	BC North Coast	North	141.415	NA
1952	Skeena	BC North Coast	North	349.011	NA
1953	Skeena	BC North Coast	North	686.586	NA
1954	Skeena	BC North Coast	North	493.677	NA
1955	Skeena	BC North Coast	North	71.352	225.6853
1956	Skeena	BC North Coast	North	355.345	519.4179
1957	Skeena	BC North Coast	North	433.149	756.8528
1958	Skeena	BC North Coast	North	812.05	1433.9812
1959	Skeena	BC North Coast	North	782.868	942.5147
1960	Skeena	BC North Coast	North	262.719	484.2337
1961	Skeena	BC North Coast	North	941.711	1757.3473
1962	Skeena	BC North Coast	North	547.995	1075.7683
1963	Skeena	BC North Coast	North	588	869.2067
1964	Skeena	BC North Coast	North	827.437	1540.842
1965	Skeena	BC North Coast	North	580	930.1231
1966	Skeena	BC North Coast	North	389	1109.6399
1967	Skeena	BC North Coast	North	602.807	1753.2383
1968	Skeena	BC North Coast	North	552	1376.2155
1969	Skeena	BC North Coast	North	634	1285.2757
1970	Skeena	BC North Coast	North	662	1268.7007
1971	Skeena	BC North Coast	North	816	1624.9182
1972	Skeena	BC North Coast	North	680.145	1551.5473
1973	Skeena	BC North Coast	North	797.461	2090.961
1974	Skeena	BC North Coast	North	726.99	2359.8542
1975	Skeena	BC North Coast	North	820.795	1479.5606
1976	Skeena	BC North Coast	North	580.597	1581.59
1977	Skeena	BC North Coast	North	937.992	2230.5768
1978	Skeena	BC North Coast	North	401.318	1312.0563
1979	Skeena	BC North Coast	North	1160.966	2621.255
1980	Skeena	BC North Coast	North	526.259	1476.6402
1981	Skeena	BC North Coast	North	1432.734	3385.0684
1982	Skeena	BC North Coast	North	1136.835	3354.7765
1983	Skeena	BC North Coast	North	886.393	2212.4153
1984	Skeena	BC North Coast	North	1052.385	2137.3829
1985	Skeena	BC North Coast	North	2148.044	4617.5262
1986	Skeena	BC North Coast	North	701.507	1643.163
1987	Skeena	BC North Coast	North	1307.852	2667.6523
1988	Skeena	BC North Coast	North	1408.879	3405.5511
1989	Skeena	BC North Coast	North	1132.316	2374.4786
1990	Skeena	BC North Coast	North	978.646	2290.2651
1991	Skeena	BC North Coast	North	1176.318	3447.1455
1992	Skeena	BC North Coast	North	1233.785	3581.2992
1993	Skeena	BC North Coast	North	1737.426	4135.1989
1994	Skeena	BC North Coast	North	1052.905	2588.6042
1995	Skeena	BC North Coast	North	1737.009	4490.4372
1996	Skeena	BC North Coast	North	2056.205	5841.4987
1997	Skeena	BC North Coast	North	1086.61	2900.3511
1998	Skeena	BC North Coast	North	558.873	925.19
1999	Skeena	BC North Coast	North	719.196	879.3095
1967	Nass	BC North Coast	North	79.23	405.16
1968	Nass	BC North Coast	North	94.81	601.54
1969	Nass	BC North Coast	North	179.23	832.01
1970	Nass	BC North Coast	North	112.47	187.15
1971	Nass	BC North Coast	North	243.07	359.87
1972	Nass	BC North Coast	North	169.77	780.06
1973	Nass	BC North Coast	North	278.4	683.14
1974	Nass	BC North Coast	North	193.01	365.34
1975	Nass	BC North Coast	North	69.17	392.49
1976	Nass	BC North Coast	North	138.52	344.38
1977	Nass	BC North Coast	North	389.43	968.3
1978	Nass	BC North Coast	North	146.48	401.67
1979	Nass	BC North Coast	North	202.67	457.2
1980	Nass	BC North Coast	North	140.52	361.77
1981	Nass	BC North Coast	North	250.53	812.03
1982	Nass	BC North Coast	North	304.23	426.52
1983	Nass	BC North Coast	North	172.9	312.7
1984	Nass	BC North Coast	North	163.04	344.52
1985	Nass	BC North Coast	North	349.53	508
1986	Nass	BC North Coast	North	185.17	660.55
1987	Nass	BC North Coast	North	173.14	1070.29
1988	Nass	BC North Coast	North	124.66	1825.41
1989	Nass	BC North Coast	North	103.44	1102.17
1990	Nass	BC North Coast	North	151.6	711.97
1991	Nass	BC North Coast	North	261.21	1340.55
1992	Nass	BC North Coast	North	638.76	NA
1993	Nass	BC North Coast	North	435.01	NA
1994	Nass	BC North Coast	North	194.6	NA
1961	Copper	Prince William Sound	North	343.14	1494.64
1962	Copper	Prince William Sound	North	454.2	770.2
1963	Copper	Prince William Sound	North	332.33	631.81
1964	Copper	Prince William Sound	North	257.53	1209.83
1965	Copper	Prince William Sound	North	416.19	1874.18
1966	Copper	Prince William Sound	North	397.59	1511.36
1967	Copper	Prince William Sound	North	169.89	872.9
1968	Copper	Prince William Sound	North	249.35	851.63
1969	Copper	Prince William Sound	North	548.77	927.91
1970	Copper	Prince William Sound	North	431.51	504.4
1971	Copper	Prince William Sound	North	580.4	1118.49
1972	Copper	Prince William Sound	North	412.75	1054.88
1973	Copper	Prince William Sound	North	439.9	461.68
1974	Copper	Prince William Sound	North	218.49	608.16
1975	Copper	Prince William Sound	North	188.24	556.21
1976	Copper	Prince William Sound	North	272.45	1130.51
1977	Copper	Prince William Sound	North	368.45	1812.73
1978	Copper	Prince William Sound	North	254.52	1356.42
1979	Copper	Prince William Sound	North	437.23	1970.66
1980	Copper	Prince William Sound	North	583.67	1439.45
1981	Copper	Prince William Sound	North	745.4	1166.8
1982	Copper	Prince William Sound	North	564.55	1993.96
1983	Copper	Prince William Sound	North	630.52	1034.24
1984	Copper	Prince William Sound	North	717.92	1723.35
1985	Copper	Prince William Sound	North	617.24	1133.9
1986	Copper	Prince William Sound	North	539.81	1999.23
1987	Copper	Prince William Sound	North	522.74	1771.96
1988	Copper	Prince William Sound	North	421.09	1852.73
1989	Copper	Prince William Sound	North	491.18	2105.92
1990	Copper	Prince William Sound	North	555.38	1832.41
1991	Copper	Prince William Sound	North	550.1	3253.16
1992	Copper	Prince William Sound	North	598.68	3139.63
1993	Copper	Prince William Sound	North	778.92	2193.38
1994	Copper	Prince William Sound	North	684.9	NA
1995	Copper	Prince William Sound	North	576.05	NA
1996	Copper	Prince William Sound	North	844.11	NA
1968	Cook	Cook Inlet	North	306.81	1351
1969	Cook	Cook Inlet	North	202.65	780
1970	Cook	Cook Inlet	North	217.77	1078
1971	Cook	Cook Inlet	North	569.88	2020
1972	Cook	Cook Inlet	North	575.86	3471
1973	Cook	Cook Inlet	North	545.87	3052
1974	Cook	Cook Inlet	North	330.34	1671
1975	Cook	Cook Inlet	North	355.21	2262
1976	Cook	Cook Inlet	North	662.73	3163
1977	Cook	Cook Inlet	North	1142.03	4704
1978	Cook	Cook Inlet	North	633.96	5655
1979	Cook	Cook Inlet	North	707.9	3860
1980	Cook	Cook Inlet	North	956.82	5371
1981	Cook	Cook Inlet	North	1057.79	5953
1982	Cook	Cook Inlet	North	1144.05	12194
1983	Cook	Cook Inlet	North	1309.87	8298
1984	Cook	Cook Inlet	North	1266	7815
1985	Cook	Cook Inlet	North	1394	4703
1986	Cook	Cook Inlet	North	1018	3814
1987	Cook	Cook Inlet	North	2023	12714
1988	Cook	Cook Inlet	North	1343	4350
1989	Cook	Cook Inlet	North	1879	5871.56
1990	Cook	Cook Inlet	North	1060	3222.1
1991	Cook	Cook Inlet	North	1018	5872.45
1992	Cook	Cook Inlet	North	1418.44	6001.32
1993	Cook	Cook Inlet	North	1450.85	NA
1994	Cook	Cook Inlet	North	1696.28	NA
1995	Cook	Cook Inlet	North	1302.14	NA
1965	Ayakulik	Kodiak	North	76.46	55.83
1966	Ayakulik	Kodiak	North	66.06	137.38
1967	Ayakulik	Kodiak	North	227.09	148.4
1968	Ayakulik	Kodiak	North	220.85	262.66
1969	Ayakulik	Kodiak	North	71.16	105.52
1970	Ayakulik	Kodiak	North	33.86	39.43
1971	Ayakulik	Kodiak	North	109.17	288.75
1972	Ayakulik	Kodiak	North	113.73	564.19
1973	Ayakulik	Kodiak	North	119.99	330.22
1974	Ayakulik	Kodiak	North	181.63	449.57
1975	Ayakulik	Kodiak	North	94.52	463.56
1976	Ayakulik	Kodiak	North	219.05	836.33
1977	Ayakulik	Kodiak	North	306.98	287.35
1978	Ayakulik	Kodiak	North	132.86	122.27
1979	Ayakulik	Kodiak	North	222.27	254.51
1980	Ayakulik	Kodiak	North	774.33	1152.54
1981	Ayakulik	Kodiak	North	279.2	1091.98
1982	Ayakulik	Kodiak	North	169.68	240.48
1983	Ayakulik	Kodiak	North	171.42	382.08
1984	Ayakulik	Kodiak	North	283.22	604.32
1985	Ayakulik	Kodiak	North	388.76	1786.78
1986	Ayakulik	Kodiak	North	318.14	1730.21
1987	Ayakulik	Kodiak	North	261.91	1015.57
1988	Ayakulik	Kodiak	North	291.77	325.54
1989	Ayakulik	Kodiak	North	768.1	752.67
1990	Ayakulik	Kodiak	North	371.28	600.48
1991	Ayakulik	Kodiak	North	384.86	1265.19
1992	Ayakulik	Kodiak	North	344.18	581.92
1993	Ayakulik	Kodiak	North	286.17	766.9
1994	Ayakulik	Kodiak	North	380.18	NA
1995	Ayakulik	Kodiak	North	317.83	NA
1996	Ayakulik	Kodiak	North	337.16	NA
1965	Frazer	Kodiak	North	9.07	16.92
1966	Frazer	Kodiak	North	16.46	39.91
1967	Frazer	Kodiak	North	21.83	95.2
1968	Frazer	Kodiak	North	16.74	57.91
1969	Frazer	Kodiak	North	14.04	65.98
1970	Frazer	Kodiak	North	24.04	104.01
1971	Frazer	Kodiak	North	55.37	121.42
1972	Frazer	Kodiak	North	66.42	194.07
1973	Frazer	Kodiak	North	56.26	61.41
1974	Frazer	Kodiak	North	82.61	209.03
1975	Frazer	Kodiak	North	64.2	299.63
1976	Frazer	Kodiak	North	119.32	709.42
1977	Frazer	Kodiak	North	139.55	425.47
1978	Frazer	Kodiak	North	141.98	235.04
1979	Frazer	Kodiak	North	126.74	59.11
1980	Frazer	Kodiak	North	405.54	761.26
1981	Frazer	Kodiak	North	377.72	29.47
1982	Frazer	Kodiak	North	430.42	80.17
1983	Frazer	Kodiak	North	158.34	1038.09
1984	Frazer	Kodiak	North	53.52	503.86
1985	Frazer	Kodiak	North	485.84	160.41
1986	Frazer	Kodiak	North	126.53	2227.03
1987	Frazer	Kodiak	North	40.54	385.7
1988	Frazer	Kodiak	North	246.7	364.65
1989	Frazer	Kodiak	North	360.37	1375.54
1990	Frazer	Kodiak	North	226.71	704
1991	Frazer	Kodiak	North	190.36	498.97
1992	Frazer	Kodiak	North	185.83	551.82
1993	Frazer	Kodiak	North	178.39	491.26
1994	Frazer	Kodiak	North	206.07	NA
1995	Frazer	Kodiak	North	196.32	NA
1996	Frazer	Kodiak	North	198.7	NA
1969	Early Upper Station	Kodiak	North	22.51	30.53
1970	Early Upper Station	Kodiak	North	16.17	11.46
1971	Early Upper Station	Kodiak	North	32.53	25.9
1972	Early Upper Station	Kodiak	North	39.61	39.07
1973	Early Upper Station	Kodiak	North	26.89	53.76
1974	Early Upper Station	Kodiak	North	35.32	93.73
1975	Early Upper Station	Kodiak	North	10.33	32.07
1976	Early Upper Station	Kodiak	North	28.57	94.52
1977	Early Upper Station	Kodiak	North	26.38	211.38
1978	Early Upper Station	Kodiak	North	66.16	154.03
1979	Early Upper Station	Kodiak	North	53.12	102.07
1980	Early Upper Station	Kodiak	North	37.87	33.08
1981	Early Upper Station	Kodiak	North	77.04	119.02
1982	Early Upper Station	Kodiak	North	170.61	249.4
1983	Early Upper Station	Kodiak	North	115.89	150.27
1984	Early Upper Station	Kodiak	North	96.8	68.68
1985	Early Upper Station	Kodiak	North	27.41	166.38
1986	Early Upper Station	Kodiak	North	100.81	186.76
1987	Early Upper Station	Kodiak	North	74.75	66.33
1988	Early Upper Station	Kodiak	North	56.72	47.04
1989	Early Upper Station	Kodiak	North	64.58	129.22
1990	Early Upper Station	Kodiak	North	56.16	120.38
1991	Early Upper Station	Kodiak	North	50.03	294.02
1992	Early Upper Station	Kodiak	North	19.08	52.84
1993	Early Upper Station	Kodiak	North	34.85	61.8
1994	Early Upper Station	Kodiak	North	37.65	NA
1995	Early Upper Station	Kodiak	North	41.49	NA
1996	Early Upper Station	Kodiak	North	58.69	NA
1970	Late Upper Station	Kodiak	North	36.83	157.66
1971	Late Upper Station	Kodiak	North	95.15	105.63
1972	Late Upper Station	Kodiak	North	68.35	156.87
1973	Late Upper Station	Kodiak	North	67.83	112.18
1974	Late Upper Station	Kodiak	North	251.23	463.91
1975	Late Upper Station	Kodiak	North	74.46	184.06
1976	Late Upper Station	Kodiak	North	48.65	251.56
1977	Late Upper Station	Kodiak	North	49	446.44
1978	Late Upper Station	Kodiak	North	38.13	614.8
1979	Late Upper Station	Kodiak	North	134.58	621.77
1980	Late Upper Station	Kodiak	North	77.72	314.52
1981	Late Upper Station	Kodiak	North	118.9	700.04
1982	Late Upper Station	Kodiak	North	306.16	1675.2
1983	Late Upper Station	Kodiak	North	179.74	525
1984	Late Upper Station	Kodiak	North	239.61	597.44
1985	Late Upper Station	Kodiak	North	408.41	1196.71
1986	Late Upper Station	Kodiak	North	367.92	1056.85
1987	Late Upper Station	Kodiak	North	156.27	360.21
1988	Late Upper Station	Kodiak	North	247.65	271.84
1989	Late Upper Station	Kodiak	North	221.71	613.02
1990	Late Upper Station	Kodiak	North	198.29	473.41
1991	Late Upper Station	Kodiak	North	242.86	1084.64
1992	Late Upper Station	Kodiak	North	199.07	447.6
1993	Late Upper Station	Kodiak	North	187.23	497.54
1994	Late Upper Station	Kodiak	North	221.68	NA
1995	Late Upper Station	Kodiak	North	203.66	NA
1996	Late Upper Station	Kodiak	North	235.73	NA
1950	Black	Chignik	North	206.27	392.63
1951	Black	Chignik	North	125.13	625.69
1952	Black	Chignik	North	34.16	230.82
1953	Black	Chignik	North	168.38	357.61
1954	Black	Chignik	North	184.95	142.42
1955	Black	Chignik	North	256.76	554.5
1956	Black	Chignik	North	289.1	208.17
1957	Black	Chignik	North	192.48	350.51
1958	Black	Chignik	North	120.86	242.37
1959	Black	Chignik	North	112.23	340.95
1960	Black	Chignik	North	251.57	774.76
1961	Black	Chignik	North	140.71	571.64
1962	Black	Chignik	North	167.6	693.47
1963	Black	Chignik	North	332.54	698.7
1964	Black	Chignik	North	137.07	755.73
1965	Black	Chignik	North	307.19	1948.14
1966	Black	Chignik	North	383.55	1303.46
1967	Black	Chignik	North	328	236.05
1968	Black	Chignik	North	342.34	1156.64
1969	Black	Chignik	North	366.59	443.76
1970	Black	Chignik	North	536.26	421.93
1971	Black	Chignik	North	671.67	1356.03
1972	Black	Chignik	North	326.32	1071.08
1973	Black	Chignik	North	533.05	1223.11
1974	Black	Chignik	North	351.7	601.26
1975	Black	Chignik	North	308.91	601.14
1976	Black	Chignik	North	551.25	886.86
1977	Black	Chignik	North	482.25	2154.57
1978	Black	Chignik	North	458.66	945.34
1979	Black	Chignik	North	385.69	3862.94
1980	Black	Chignik	North	311.33	1767.21
1981	Black	Chignik	North	438.54	1844.58
1982	Black	Chignik	North	616.12	2331.78
1983	Black	Chignik	North	426.18	565.77
1984	Black	Chignik	North	597.71	637.2
1985	Black	Chignik	North	377.52	773.79
1986	Black	Chignik	North	566.09	2523.14
1987	Black	Chignik	North	589.29	1436.89
1988	Black	Chignik	North	420.58	1658.36
1989	Black	Chignik	North	384	1703.79
1990	Black	Chignik	North	434.54	1511.94
1991	Black	Chignik	North	657.51	1476.02
1992	Black	Chignik	North	360.68	927.63
1993	Black	Chignik	North	364.26	904.37
1994	Black	Chignik	North	766.91	NA
1995	Black	Chignik	North	366.16	NA
1996	Black	Chignik	North	450.73	NA
1950	Chignik	Chignik	North	861.07	494.55
1951	Chignik	Chignik	North	490.9	915.71
1952	Chignik	Chignik	North	260.54	554.68
1953	Chignik	Chignik	North	221.41	573.02
1954	Chignik	Chignik	North	277.91	545.16
1955	Chignik	Chignik	North	201.41	733.83
1956	Chignik	Chignik	North	483.02	384.02
1957	Chignik	Chignik	North	328.78	697.86
1958	Chignik	Chignik	North	212.59	635.56
1959	Chignik	Chignik	North	308.65	412.8
1960	Chignik	Chignik	North	357.23	382.42
1961	Chignik	Chignik	North	254.97	544.46
1962	Chignik	Chignik	North	324.86	813.69
1963	Chignik	Chignik	North	200.31	424.89
1964	Chignik	Chignik	North	166.63	248.01
1965	Chignik	Chignik	North	163.15	997.76
1966	Chignik	Chignik	North	183.53	782.97
1967	Chignik	Chignik	North	189	604.22
1968	Chignik	Chignik	North	244.84	773.56
1969	Chignik	Chignik	North	132.06	870.96
1970	Chignik	Chignik	North	119.95	703.67
1971	Chignik	Chignik	North	232.5	2545.16
1972	Chignik	Chignik	North	231.27	1002.68
1973	Chignik	Chignik	North	247.14	1175.92
1974	Chignik	Chignik	North	364.61	1022.92
1975	Chignik	Chignik	North	314.08	1221.21
1976	Chignik	Chignik	North	341.83	1441.59
1977	Chignik	Chignik	North	463.56	1492.36
1978	Chignik	Chignik	North	263.01	883.47
1979	Chignik	Chignik	North	317.89	705.45
1980	Chignik	Chignik	North	279.73	962.1
1981	Chignik	Chignik	North	301.09	773.51
1982	Chignik	Chignik	North	305.19	945.67
1983	Chignik	Chignik	North	441.56	1394.83
1984	Chignik	Chignik	North	268.5	2177.44
1985	Chignik	Chignik	North	369.26	890.04
1986	Chignik	Chignik	North	207.23	1240.14
1987	Chignik	Chignik	North	214.45	1902.34
1988	Chignik	Chignik	North	255.18	702.69
1989	Chignik	Chignik	North	557.17	1886.49
1990	Chignik	Chignik	North	335.87	1074.42
1991	Chignik	Chignik	North	382.59	1012.95
1992	Chignik	Chignik	North	405.92	1139.56
1993	Chignik	Chignik	North	333.11	1564.8
1994	Chignik	Chignik	North	197.45	NA
1995	Chignik	Chignik	North	373.76	NA
1996	Chignik	Chignik	North	284.39	NA
1956	Branch	Bristol Bay	North	784	2390
1957	Branch	Bristol Bay	North	127	85
1958	Branch	Bristol Bay	North	95	147
1959	Branch	Bristol Bay	North	825	768
1960	Branch	Bristol Bay	North	1241	456
1961	Branch	Bristol Bay	North	90	292
1962	Branch	Bristol Bay	North	91	262
1963	Branch	Bristol Bay	North	203	376
1964	Branch	Bristol Bay	North	249	336
1965	Branch	Bristol Bay	North	175	299
1966	Branch	Bristol Bay	North	174	581
1967	Branch	Bristol Bay	North	203	413
1968	Branch	Bristol Bay	North	194	180
1969	Branch	Bristol Bay	North	182	190
1970	Branch	Bristol Bay	North	177	152
1971	Branch	Bristol Bay	North	187	126
1972	Branch	Bristol Bay	North	151	130
1973	Branch	Bristol Bay	North	35	248
1974	Branch	Bristol Bay	North	215	456
1975	Branch	Bristol Bay	North	100	775
1976	Branch	Bristol Bay	North	82	481
1977	Branch	Bristol Bay	North	100	881
1978	Branch	Bristol Bay	North	229	358
1979	Branch	Bristol Bay	North	294	799
1980	Branch	Bristol Bay	North	298	339
1981	Branch	Bristol Bay	North	82	291
1982	Branch	Bristol Bay	North	239	322
1983	Branch	Bristol Bay	North	96	316
1984	Branch	Bristol Bay	North	215	372
1985	Branch	Bristol Bay	North	118	573
1986	Branch	Bristol Bay	North	230	818
1987	Branch	Bristol Bay	North	154	582
1988	Branch	Bristol Bay	North	195	622
1989	Branch	Bristol Bay	North	197	723.11
1990	Branch	Bristol Bay	North	169	956.62
1991	Branch	Bristol Bay	North	278	594.48
1992	Branch	Bristol Bay	North	225	247
1993	Branch	Bristol Bay	North	348	420
1994	Branch	Bristol Bay	North	243	519
1995	Branch	Bristol Bay	North	216	1068
1996	Branch	Bristol Bay	North	307	NA
1997	Branch	Bristol Bay	North	218	NA
1998	Branch	Bristol Bay	North	252	NA
1956	Egegik	Bristol Bay	North	1104	6834
1957	Egegik	Bristol Bay	North	391	2173
1958	Egegik	Bristol Bay	North	246	1258
1959	Egegik	Bristol Bay	North	1072	1757
1960	Egegik	Bristol Bay	North	1799	7861
1961	Egegik	Bristol Bay	North	702	1580
1962	Egegik	Bristol Bay	North	1027	1444
1963	Egegik	Bristol Bay	North	998	1251
1964	Egegik	Bristol Bay	North	850	1972
1965	Egegik	Bristol Bay	North	1445	3082
1966	Egegik	Bristol Bay	North	804	2501
1967	Egegik	Bristol Bay	North	637	1609
1968	Egegik	Bristol Bay	North	339	445
1969	Egegik	Bristol Bay	North	1016	2640
1970	Egegik	Bristol Bay	North	920	1215
1971	Egegik	Bristol Bay	North	634	2677
1972	Egegik	Bristol Bay	North	546	2941
1973	Egegik	Bristol Bay	North	329	1675
1974	Egegik	Bristol Bay	North	1276	3022
1975	Egegik	Bristol Bay	North	1174	3660
1976	Egegik	Bristol Bay	North	509	5317
1977	Egegik	Bristol Bay	North	693	4204
1978	Egegik	Bristol Bay	North	896	9196
1979	Egegik	Bristol Bay	North	1032	5946
1980	Egegik	Bristol Bay	North	1061	8574
1981	Egegik	Bristol Bay	North	695	6309
1982	Egegik	Bristol Bay	North	1035	6336
1983	Egegik	Bristol Bay	North	792	10607
1984	Egegik	Bristol Bay	North	1165	13476
1985	Egegik	Bristol Bay	North	1095	7653
1986	Egegik	Bristol Bay	North	1152	14214
1987	Egegik	Bristol Bay	North	1274	25863
1988	Egegik	Bristol Bay	North	1613	18730
1989	Egegik	Bristol Bay	North	1612	11229
1990	Egegik	Bristol Bay	North	2192	15682
1991	Egegik	Bristol Bay	North	2787	11152
1992	Egegik	Bristol Bay	North	1946	9667
1993	Egegik	Bristol Bay	North	1517	3002
1994	Egegik	Bristol Bay	North	1898	8742
1995	Egegik	Bristol Bay	North	1267	9471
1996	Egegik	Bristol Bay	North	1076	NA
1997	Egegik	Bristol Bay	North	1104	NA
1998	Egegik	Bristol Bay	North	1111	NA
1956	Igushik	Bristol Bay	North	400	743
1957	Igushik	Bristol Bay	North	130	76
1958	Igushik	Bristol Bay	North	107	133
1959	Igushik	Bristol Bay	North	644	372
1960	Igushik	Bristol Bay	North	495	474
1961	Igushik	Bristol Bay	North	294	437
1962	Igushik	Bristol Bay	North	16	327
1963	Igushik	Bristol Bay	North	92	508
1964	Igushik	Bristol Bay	North	129	930
1965	Igushik	Bristol Bay	North	181	1089
1966	Igushik	Bristol Bay	North	206	470
1967	Igushik	Bristol Bay	North	282	175
1968	Igushik	Bristol Bay	North	195	176
1969	Igushik	Bristol Bay	North	512	536
1970	Igushik	Bristol Bay	North	371	309
1971	Igushik	Bristol Bay	North	211	303
1972	Igushik	Bristol Bay	North	60	229
1973	Igushik	Bristol Bay	North	60	725
1974	Igushik	Bristol Bay	North	359	1574
1975	Igushik	Bristol Bay	North	241	3981
1976	Igushik	Bristol Bay	North	186	2394
1977	Igushik	Bristol Bay	North	96	2015
1978	Igushik	Bristol Bay	North	536	527
1979	Igushik	Bristol Bay	North	860	847
1980	Igushik	Bristol Bay	North	1988	373
1981	Igushik	Bristol Bay	North	591	1025
1982	Igushik	Bristol Bay	North	424	518
1983	Igushik	Bristol Bay	North	180	544
1984	Igushik	Bristol Bay	North	185	779
1985	Igushik	Bristol Bay	North	212	1629
1986	Igushik	Bristol Bay	North	308	2606
1987	Igushik	Bristol Bay	North	169	830
1988	Igushik	Bristol Bay	North	170	1344
1989	Igushik	Bristol Bay	North	462	1770
1990	Igushik	Bristol Bay	North	366	1911.49
1991	Igushik	Bristol Bay	North	756	1679.88
1992	Igushik	Bristol Bay	North	305	228
1993	Igushik	Bristol Bay	North	406	512
1994	Igushik	Bristol Bay	North	446	1203
1995	Igushik	Bristol Bay	North	473	2301
1996	Igushik	Bristol Bay	North	401	NA
1997	Igushik	Bristol Bay	North	128	NA
1998	Igushik	Bristol Bay	North	216	NA
1956	Kvichak	Bristol Bay	North	9443	39036
1957	Kvichak	Bristol Bay	North	2843	4091
1958	Kvichak	Bristol Bay	North	535	289
1959	Kvichak	Bristol Bay	North	680	547
1960	Kvichak	Bristol Bay	North	14630	55259
1961	Kvichak	Bristol Bay	North	3706	3503
1962	Kvichak	Bristol Bay	North	2581	5357
1963	Kvichak	Bristol Bay	North	339	1120
1964	Kvichak	Bristol Bay	North	957	5751
1965	Kvichak	Bristol Bay	North	24326	45026
1966	Kvichak	Bristol Bay	North	3775	6262
1967	Kvichak	Bristol Bay	North	3216	1527
1968	Kvichak	Bristol Bay	North	2557	543
1969	Kvichak	Bristol Bay	North	8394	5304
1970	Kvichak	Bristol Bay	North	13935	15834
1971	Kvichak	Bristol Bay	North	2387	2829
1972	Kvichak	Bristol Bay	North	1010	1941
1973	Kvichak	Bristol Bay	North	227	2457
1974	Kvichak	Bristol Bay	North	4434	26179
1975	Kvichak	Bristol Bay	North	13140	38087
1976	Kvichak	Bristol Bay	North	1965	10575
1977	Kvichak	Bristol Bay	North	1341	3238
1978	Kvichak	Bristol Bay	North	4149	5160
1979	Kvichak	Bristol Bay	North	11218	42142
1980	Kvichak	Bristol Bay	North	22505	13048
1981	Kvichak	Bristol Bay	North	1754	2129
1982	Kvichak	Bristol Bay	North	1135	1685
1983	Kvichak	Bristol Bay	North	3570	13392
1984	Kvichak	Bristol Bay	North	10491	23913
1985	Kvichak	Bristol Bay	North	7211	17337
1986	Kvichak	Bristol Bay	North	1179	4563
1987	Kvichak	Bristol Bay	North	6066	12030
1988	Kvichak	Bristol Bay	North	4065	9929
1989	Kvichak	Bristol Bay	North	8318	26134.55
1990	Kvichak	Bristol Bay	North	6970	25255.02
1991	Kvichak	Bristol Bay	North	4223	4843.54
1992	Kvichak	Bristol Bay	North	4726	1402
1993	Kvichak	Bristol Bay	North	4025	2967
1994	Kvichak	Bristol Bay	North	8338	7076
1995	Kvichak	Bristol Bay	North	10039	10244
1996	Kvichak	Bristol Bay	North	1451	NA
1997	Kvichak	Bristol Bay	North	1504	NA
1998	Kvichak	Bristol Bay	North	2296	NA
1956	Naknek	Bristol Bay	North	1773	2501
1957	Naknek	Bristol Bay	North	635	1571
1958	Naknek	Bristol Bay	North	278	1040
1959	Naknek	Bristol Bay	North	2232	2155
1960	Naknek	Bristol Bay	North	828	4023
1961	Naknek	Bristol Bay	North	351	1953
1962	Naknek	Bristol Bay	North	723	1074
1963	Naknek	Bristol Bay	North	905	2003
1964	Naknek	Bristol Bay	North	1350	2061
1965	Naknek	Bristol Bay	North	718	2121
1966	Naknek	Bristol Bay	North	1016	3837
1967	Naknek	Bristol Bay	North	756	1716
1968	Naknek	Bristol Bay	North	1023	745
1969	Naknek	Bristol Bay	North	1331	2552
1970	Naknek	Bristol Bay	North	733	2718
1971	Naknek	Bristol Bay	North	936	4274
1972	Naknek	Bristol Bay	North	587	1264
1973	Naknek	Bristol Bay	North	357	2235
1974	Naknek	Bristol Bay	North	1241	2285
1975	Naknek	Bristol Bay	North	2027	5226
1976	Naknek	Bristol Bay	North	1321	8256
1977	Naknek	Bristol Bay	North	1086	3493
1978	Naknek	Bristol Bay	North	813	3694
1979	Naknek	Bristol Bay	North	925	4637
1980	Naknek	Bristol Bay	North	2645	4274
1981	Naknek	Bristol Bay	North	1796	4788
1982	Naknek	Bristol Bay	North	1156	2043
1983	Naknek	Bristol Bay	North	888	1477
1984	Naknek	Bristol Bay	North	1242	4448
1985	Naknek	Bristol Bay	North	1850	7024
1986	Naknek	Bristol Bay	North	1978	13707
1987	Naknek	Bristol Bay	North	1062	5510
1988	Naknek	Bristol Bay	North	1038	2173
1989	Naknek	Bristol Bay	North	1162	2881.08
1990	Naknek	Bristol Bay	North	2093	4343.39
1991	Naknek	Bristol Bay	North	3579	6388.29
1992	Naknek	Bristol Bay	North	1607	1456
1993	Naknek	Bristol Bay	North	1536	2824
1994	Naknek	Bristol Bay	North	991	2245
1995	Naknek	Bristol Bay	North	1111	6480
1996	Naknek	Bristol Bay	North	1078	NA
1997	Naknek	Bristol Bay	North	1026	NA
1998	Naknek	Bristol Bay	North	1202	NA
1956	Nuyakuk	Bristol Bay	North	30	379
1957	Nuyakuk	Bristol Bay	North	67	18
1958	Nuyakuk	Bristol Bay	North	196	443
1959	Nuyakuk	Bristol Bay	North	49	131
1960	Nuyakuk	Bristol Bay	North	146	573
1961	Nuyakuk	Bristol Bay	North	80	394
1962	Nuyakuk	Bristol Bay	North	38	59
1963	Nuyakuk	Bristol Bay	North	167	232
1964	Nuyakuk	Bristol Bay	North	103	86
1965	Nuyakuk	Bristol Bay	North	203	779
1966	Nuyakuk	Bristol Bay	North	161	663
1967	Nuyakuk	Bristol Bay	North	20	83
1968	Nuyakuk	Bristol Bay	North	97	238
1969	Nuyakuk	Bristol Bay	North	70	133
1970	Nuyakuk	Bristol Bay	North	365	1068
1971	Nuyakuk	Bristol Bay	North	224	959
1972	Nuyakuk	Bristol Bay	North	29	536
1973	Nuyakuk	Bristol Bay	North	110	1155
1974	Nuyakuk	Bristol Bay	North	155	373
1975	Nuyakuk	Bristol Bay	North	670	5406
1976	Nuyakuk	Bristol Bay	North	425	3709
1977	Nuyakuk	Bristol Bay	North	233	2393
1978	Nuyakuk	Bristol Bay	North	577	914
1979	Nuyakuk	Bristol Bay	North	360	1411
1980	Nuyakuk	Bristol Bay	North	3027	752
1981	Nuyakuk	Bristol Bay	North	834	1723
1982	Nuyakuk	Bristol Bay	North	538	560
1983	Nuyakuk	Bristol Bay	North	319	NA
1984	Nuyakuk	Bristol Bay	North	473	NA
1985	Nuyakuk	Bristol Bay	North	429	NA
1956	Togiak	Bristol Bay	North	225	461
1957	Togiak	Bristol Bay	North	25	182
1958	Togiak	Bristol Bay	North	72	270
1959	Togiak	Bristol Bay	North	210	296
1960	Togiak	Bristol Bay	North	163	541
1961	Togiak	Bristol Bay	North	122	340
1962	Togiak	Bristol Bay	North	62	170
1963	Togiak	Bristol Bay	North	116	152
1964	Togiak	Bristol Bay	North	105	175
1965	Togiak	Bristol Bay	North	96	406
1966	Togiak	Bristol Bay	North	104	642
1967	Togiak	Bristol Bay	North	81	181
1968	Togiak	Bristol Bay	North	50	263
1969	Togiak	Bristol Bay	North	117	216
1970	Togiak	Bristol Bay	North	203	408
1971	Togiak	Bristol Bay	North	200	558
1972	Togiak	Bristol Bay	North	79	304
1973	Togiak	Bristol Bay	North	107	654
1974	Togiak	Bristol Bay	North	104	704
1975	Togiak	Bristol Bay	North	181	1200
1976	Togiak	Bristol Bay	North	189	1069
1977	Togiak	Bristol Bay	North	163	884
1978	Togiak	Bristol Bay	North	306	682
1979	Togiak	Bristol Bay	North	198	583
1980	Togiak	Bristol Bay	North	527	305
1981	Togiak	Bristol Bay	North	307	345
1982	Togiak	Bristol Bay	North	289	425
1983	Togiak	Bristol Bay	North	213	1246
1984	Togiak	Bristol Bay	North	151	170
1985	Togiak	Bristol Bay	North	153	377
1986	Togiak	Bristol Bay	North	203	786
1987	Togiak	Bristol Bay	North	278	896
1988	Togiak	Bristol Bay	North	309	619
1989	Togiak	Bristol Bay	North	104	546.17
1990	Togiak	Bristol Bay	North	166	693.96
1991	Togiak	Bristol Bay	North	254	683.9
1992	Togiak	Bristol Bay	North	210	275
1993	Togiak	Bristol Bay	North	189	323
1994	Togiak	Bristol Bay	North	174	254
1995	Togiak	Bristol Bay	North	211	1440
1996	Togiak	Bristol Bay	North	187	NA
1997	Togiak	Bristol Bay	North	152	NA
1998	Togiak	Bristol Bay	North	175	NA
1956	Ugashik	Bristol Bay	North	425	4132
1957	Ugashik	Bristol Bay	North	215	603
1958	Ugashik	Bristol Bay	North	280	679
1959	Ugashik	Bristol Bay	North	219	498
1960	Ugashik	Bristol Bay	North	2304	3032
1961	Ugashik	Bristol Bay	North	349	1113
1962	Ugashik	Bristol Bay	North	255	424
1963	Ugashik	Bristol Bay	North	388	148
1964	Ugashik	Bristol Bay	North	473	324
1965	Ugashik	Bristol Bay	North	997	538
1966	Ugashik	Bristol Bay	North	704	2315
1967	Ugashik	Bristol Bay	North	239	184
1968	Ugashik	Bristol Bay	North	71	40
1969	Ugashik	Bristol Bay	North	160	92
1970	Ugashik	Bristol Bay	North	735	295
1971	Ugashik	Bristol Bay	North	530	835
1972	Ugashik	Bristol Bay	North	79	258
1973	Ugashik	Bristol Bay	North	39	92
1974	Ugashik	Bristol Bay	North	62	724
1975	Ugashik	Bristol Bay	North	429	4116
1976	Ugashik	Bristol Bay	North	356	5309
1977	Ugashik	Bristol Bay	North	202	2693
1978	Ugashik	Bristol Bay	North	82	2064
1979	Ugashik	Bristol Bay	North	1707	6006
1980	Ugashik	Bristol Bay	North	3335	7782
1981	Ugashik	Bristol Bay	North	1328	7468
1982	Ugashik	Bristol Bay	North	1186	2508
1983	Ugashik	Bristol Bay	North	1001	1965
1984	Ugashik	Bristol Bay	North	1270	5459
1985	Ugashik	Bristol Bay	North	1006	2707
1986	Ugashik	Bristol Bay	North	1016	6787
1987	Ugashik	Bristol Bay	North	687	6823
1988	Ugashik	Bristol Bay	North	654	5712
1989	Ugashik	Bristol Bay	North	1713	4577.75
1990	Ugashik	Bristol Bay	North	749	4597.7
1991	Ugashik	Bristol Bay	North	2482	6122.16
1992	Ugashik	Bristol Bay	North	2195	2696
1993	Ugashik	Bristol Bay	North	1413	1086
1994	Ugashik	Bristol Bay	North	1095	1658
1995	Ugashik	Bristol Bay	North	1321	4685
1996	Ugashik	Bristol Bay	North	692	NA
1997	Ugashik	Bristol Bay	North	618	NA
1998	Ugashik	Bristol Bay	North	925	NA
1956	Wood	Bristol Bay	North	773	1472
1957	Wood	Bristol Bay	North	289	449
1958	Wood	Bristol Bay	North	960	2643
1959	Wood	Bristol Bay	North	2209	1805
1960	Wood	Bristol Bay	North	1016	2732
1961	Wood	Bristol Bay	North	461	1495
1962	Wood	Bristol Bay	North	874	1503
1963	Wood	Bristol Bay	North	721	1427
1964	Wood	Bristol Bay	North	1076	1219
1965	Wood	Bristol Bay	North	675	1787
1966	Wood	Bristol Bay	North	1209	2122
1967	Wood	Bristol Bay	North	516	1090
1968	Wood	Bristol Bay	North	649	1108
1969	Wood	Bristol Bay	North	604	834
1970	Wood	Bristol Bay	North	1162	2799
1971	Wood	Bristol Bay	North	851	1301
1972	Wood	Bristol Bay	North	431	1514
1973	Wood	Bristol Bay	North	330	1484
1974	Wood	Bristol Bay	North	1709	5164
1975	Wood	Bristol Bay	North	1270	4784
1976	Wood	Bristol Bay	North	817	5721
1977	Wood	Bristol Bay	North	562	3289
1978	Wood	Bristol Bay	North	2267	3288
1979	Wood	Bristol Bay	North	1706	4182
1980	Wood	Bristol Bay	North	2969	1606
1981	Wood	Bristol Bay	North	1233	1909
1982	Wood	Bristol Bay	North	976	1438
1983	Wood	Bristol Bay	North	1361	3194
1984	Wood	Bristol Bay	North	1003	1997
1985	Wood	Bristol Bay	North	939	2615
1986	Wood	Bristol Bay	North	819	3414
1987	Wood	Bristol Bay	North	1337	2463
1988	Wood	Bristol Bay	North	867	3237
1989	Wood	Bristol Bay	North	1186	4318
1990	Wood	Bristol Bay	North	1069	2785.06
1991	Wood	Bristol Bay	North	1160	5329.17
1992	Wood	Bristol Bay	North	1286	4285
1993	Wood	Bristol Bay	North	1176	3154
1994	Wood	Bristol Bay	North	1472	5292
1995	Wood	Bristol Bay	North	1482	6369
1996	Wood	Bristol Bay	North	1650	NA
1997	Wood	Bristol Bay	North	1512	NA
1998	Wood	Bristol Bay	North	1756	NA